<PAMDataset>
  <PAMRasterBand band="1">
    <Description>Layer_1</Description>
    <GDALRasterAttributeTable Row0Min="0" BinSize="1" tableType="thematic">
      <FieldDefn index="0">
        <Name>Red</Name>
        <Type>0</Type>
        <Usage>6</Usage>
      </FieldDefn>
      <FieldDefn index="1">
        <Name>Green</Name>
        <Type>0</Type>
        <Usage>7</Usage>
      </FieldDefn>
      <FieldDefn index="2">
        <Name>Blue</Name>
        <Type>0</Type>
        <Usage>8</Usage>
      </FieldDefn>
      <FieldDefn index="3">
        <Name>Opacity</Name>
        <Type>0</Type>
        <Usage>9</Usage>
      </FieldDefn>
      <FieldDefn index="4">
        <Name>Histogram</Name>
        <Type>1</Type>
        <Usage>1</Usage>
      </FieldDefn>
      <FieldDefn index="5">
        <Name>Count</Name>
        <Type>0</Type>
        <Usage>0</Usage>
      </FieldDefn>
      <Row index="0">
        <F>255</F>
        <F>255</F>
        <F>255</F>
        <F>255</F>
        <F>5701798027</F>
        <F>40849179</F>
      </Row>
      <Row index="1">
        <F>252</F>
        <F>254</F>
        <F>252</F>
        <F>255</F>
        <F>559014</F>
        <F>15</F>
      </Row>
      <Row index="2">
        <F>250</F>
        <F>253</F>
        <F>250</F>
        <F>255</F>
        <F>2486065</F>
        <F>65</F>
      </Row>
      <Row index="3">
        <F>248</F>
        <F>252</F>
        <F>247</F>
        <F>255</F>
        <F>4850690</F>
        <F>234</F>
      </Row>
      <Row index="4">
        <F>245</F>
        <F>251</F>
        <F>245</F>
        <F>255</F>
        <F>7782065</F>
        <F>573</F>
      </Row>
      <Row index="5">
        <F>243</F>
        <F>250</F>
        <F>242</F>
        <F>255</F>
        <F>11360558</F>
        <F>932</F>
      </Row>
      <Row index="6">
        <F>241</F>
        <F>249</F>
        <F>240</F>
        <F>255</F>
        <F>15066394</F>
        <F>1704</F>
      </Row>
      <Row index="7">
        <F>239</F>
        <F>248</F>
        <F>237</F>
        <F>255</F>
        <F>18619487</F>
        <F>2596</F>
      </Row>
      <Row index="8">
        <F>236</F>
        <F>247</F>
        <F>235</F>
        <F>255</F>
        <F>22353066</F>
        <F>4024</F>
      </Row>
      <Row index="9">
        <F>234</F>
        <F>246</F>
        <F>233</F>
        <F>255</F>
        <F>25744690</F>
        <F>6709</F>
      </Row>
      <Row index="10">
        <F>232</F>
        <F>245</F>
        <F>230</F>
        <F>255</F>
        <F>28672472</F>
        <F>11131</F>
      </Row>
      <Row index="11">
        <F>229</F>
        <F>244</F>
        <F>228</F>
        <F>255</F>
        <F>32240106</F>
        <F>12350</F>
      </Row>
      <Row index="12">
        <F>227</F>
        <F>243</F>
        <F>225</F>
        <F>255</F>
        <F>30786807</F>
        <F>16518</F>
      </Row>
      <Row index="13">
        <F>225</F>
        <F>242</F>
        <F>223</F>
        <F>255</F>
        <F>31213024</F>
        <F>21299</F>
      </Row>
      <Row index="14">
        <F>223</F>
        <F>241</F>
        <F>220</F>
        <F>255</F>
        <F>31749656</F>
        <F>27411</F>
      </Row>
      <Row index="15">
        <F>220</F>
        <F>240</F>
        <F>218</F>
        <F>255</F>
        <F>32159031</F>
        <F>32145</F>
      </Row>
      <Row index="16">
        <F>218</F>
        <F>239</F>
        <F>216</F>
        <F>255</F>
        <F>32225251</F>
        <F>34909</F>
      </Row>
      <Row index="17">
        <F>216</F>
        <F>238</F>
        <F>213</F>
        <F>255</F>
        <F>31955410</F>
        <F>37697</F>
      </Row>
      <Row index="18">
        <F>213</F>
        <F>237</F>
        <F>211</F>
        <F>255</F>
        <F>31529379</F>
        <F>39583</F>
      </Row>
      <Row index="19">
        <F>211</F>
        <F>236</F>
        <F>208</F>
        <F>255</F>
        <F>31034051</F>
        <F>41046</F>
      </Row>
      <Row index="20">
        <F>209</F>
        <F>235</F>
        <F>206</F>
        <F>255</F>
        <F>30547540</F>
        <F>42436</F>
      </Row>
      <Row index="21">
        <F>207</F>
        <F>234</F>
        <F>203</F>
        <F>255</F>
        <F>30063172</F>
        <F>44744</F>
      </Row>
      <Row index="22">
        <F>204</F>
        <F>233</F>
        <F>201</F>
        <F>255</F>
        <F>29848356</F>
        <F>47090</F>
      </Row>
      <Row index="23">
        <F>202</F>
        <F>232</F>
        <F>199</F>
        <F>255</F>
        <F>29552156</F>
        <F>51119</F>
      </Row>
      <Row index="24">
        <F>200</F>
        <F>231</F>
        <F>196</F>
        <F>255</F>
        <F>29091422</F>
        <F>54987</F>
      </Row>
      <Row index="25">
        <F>198</F>
        <F>230</F>
        <F>194</F>
        <F>255</F>
        <F>28439212</F>
        <F>59565</F>
      </Row>
      <Row index="26">
        <F>195</F>
        <F>229</F>
        <F>191</F>
        <F>255</F>
        <F>27678601</F>
        <F>62379</F>
      </Row>
      <Row index="27">
        <F>193</F>
        <F>228</F>
        <F>189</F>
        <F>255</F>
        <F>26974625</F>
        <F>64235</F>
      </Row>
      <Row index="28">
        <F>191</F>
        <F>227</F>
        <F>186</F>
        <F>255</F>
        <F>26524004</F>
        <F>65262</F>
      </Row>
      <Row index="29">
        <F>188</F>
        <F>226</F>
        <F>184</F>
        <F>255</F>
        <F>26376270</F>
        <F>66610</F>
      </Row>
      <Row index="30">
        <F>186</F>
        <F>225</F>
        <F>182</F>
        <F>255</F>
        <F>26468068</F>
        <F>66448</F>
      </Row>
      <Row index="31">
        <F>184</F>
        <F>224</F>
        <F>179</F>
        <F>255</F>
        <F>26634574</F>
        <F>67207</F>
      </Row>
      <Row index="32">
        <F>182</F>
        <F>223</F>
        <F>177</F>
        <F>255</F>
        <F>26762319</F>
        <F>67799</F>
      </Row>
      <Row index="33">
        <F>179</F>
        <F>222</F>
        <F>174</F>
        <F>255</F>
        <F>26823464</F>
        <F>68188</F>
      </Row>
      <Row index="34">
        <F>177</F>
        <F>221</F>
        <F>172</F>
        <F>255</F>
        <F>26789504</F>
        <F>69331</F>
      </Row>
      <Row index="35">
        <F>175</F>
        <F>220</F>
        <F>169</F>
        <F>255</F>
        <F>26619421</F>
        <F>70482</F>
      </Row>
      <Row index="36">
        <F>172</F>
        <F>219</F>
        <F>167</F>
        <F>255</F>
        <F>26274100</F>
        <F>72170</F>
      </Row>
      <Row index="37">
        <F>170</F>
        <F>218</F>
        <F>165</F>
        <F>255</F>
        <F>25849268</F>
        <F>73940</F>
      </Row>
      <Row index="38">
        <F>168</F>
        <F>217</F>
        <F>162</F>
        <F>255</F>
        <F>25378140</F>
        <F>76509</F>
      </Row>
      <Row index="39">
        <F>166</F>
        <F>216</F>
        <F>160</F>
        <F>255</F>
        <F>24869231</F>
        <F>78434</F>
      </Row>
      <Row index="40">
        <F>163</F>
        <F>215</F>
        <F>157</F>
        <F>255</F>
        <F>24415609</F>
        <F>78815</F>
      </Row>
      <Row index="41">
        <F>161</F>
        <F>214</F>
        <F>155</F>
        <F>255</F>
        <F>24050204</F>
        <F>80771</F>
      </Row>
      <Row index="42">
        <F>159</F>
        <F>213</F>
        <F>152</F>
        <F>255</F>
        <F>23779324</F>
        <F>81991</F>
      </Row>
      <Row index="43">
        <F>156</F>
        <F>212</F>
        <F>150</F>
        <F>255</F>
        <F>23512986</F>
        <F>83315</F>
      </Row>
      <Row index="44">
        <F>154</F>
        <F>211</F>
        <F>148</F>
        <F>255</F>
        <F>23259146</F>
        <F>84113</F>
      </Row>
      <Row index="45">
        <F>152</F>
        <F>210</F>
        <F>145</F>
        <F>255</F>
        <F>23069525</F>
        <F>86155</F>
      </Row>
      <Row index="46">
        <F>150</F>
        <F>209</F>
        <F>143</F>
        <F>255</F>
        <F>22992814</F>
        <F>89031</F>
      </Row>
      <Row index="47">
        <F>147</F>
        <F>208</F>
        <F>140</F>
        <F>255</F>
        <F>22997322</F>
        <F>92984</F>
      </Row>
      <Row index="48">
        <F>145</F>
        <F>207</F>
        <F>138</F>
        <F>255</F>
        <F>23069120</F>
        <F>96889</F>
      </Row>
      <Row index="49">
        <F>143</F>
        <F>206</F>
        <F>135</F>
        <F>255</F>
        <F>23086764</F>
        <F>102168</F>
      </Row>
      <Row index="50">
        <F>141</F>
        <F>206</F>
        <F>133</F>
        <F>255</F>
        <F>23027579</F>
        <F>108438</F>
      </Row>
      <Row index="51">
        <F>138</F>
        <F>205</F>
        <F>131</F>
        <F>255</F>
        <F>22864276</F>
        <F>113539</F>
      </Row>
      <Row index="52">
        <F>136</F>
        <F>204</F>
        <F>128</F>
        <F>255</F>
        <F>22619833</F>
        <F>120033</F>
      </Row>
      <Row index="53">
        <F>134</F>
        <F>203</F>
        <F>126</F>
        <F>255</F>
        <F>22324392</F>
        <F>125216</F>
      </Row>
      <Row index="54">
        <F>131</F>
        <F>202</F>
        <F>123</F>
        <F>255</F>
        <F>21990854</F>
        <F>132830</F>
      </Row>
      <Row index="55">
        <F>129</F>
        <F>201</F>
        <F>121</F>
        <F>255</F>
        <F>21679135</F>
        <F>139999</F>
      </Row>
      <Row index="56">
        <F>127</F>
        <F>200</F>
        <F>118</F>
        <F>255</F>
        <F>21415632</F>
        <F>148969</F>
      </Row>
      <Row index="57">
        <F>125</F>
        <F>199</F>
        <F>116</F>
        <F>255</F>
        <F>21197905</F>
        <F>158829</F>
      </Row>
      <Row index="58">
        <F>122</F>
        <F>198</F>
        <F>114</F>
        <F>255</F>
        <F>21061618</F>
        <F>169936</F>
      </Row>
      <Row index="59">
        <F>120</F>
        <F>197</F>
        <F>111</F>
        <F>255</F>
        <F>21028047</F>
        <F>182788</F>
      </Row>
      <Row index="60">
        <F>118</F>
        <F>196</F>
        <F>109</F>
        <F>255</F>
        <F>21111736</F>
        <F>193808</F>
      </Row>
      <Row index="61">
        <F>115</F>
        <F>195</F>
        <F>106</F>
        <F>255</F>
        <F>21300403</F>
        <F>202874</F>
      </Row>
      <Row index="62">
        <F>113</F>
        <F>194</F>
        <F>104</F>
        <F>255</F>
        <F>21608836</F>
        <F>212854</F>
      </Row>
      <Row index="63">
        <F>111</F>
        <F>193</F>
        <F>101</F>
        <F>255</F>
        <F>22032808</F>
        <F>221288</F>
      </Row>
      <Row index="64">
        <F>109</F>
        <F>192</F>
        <F>99</F>
        <F>255</F>
        <F>22619876</F>
        <F>231649</F>
      </Row>
      <Row index="65">
        <F>106</F>
        <F>191</F>
        <F>97</F>
        <F>255</F>
        <F>23376639</F>
        <F>245007</F>
      </Row>
      <Row index="66">
        <F>104</F>
        <F>190</F>
        <F>94</F>
        <F>255</F>
        <F>24363632</F>
        <F>259814</F>
      </Row>
      <Row index="67">
        <F>102</F>
        <F>189</F>
        <F>92</F>
        <F>255</F>
        <F>25539452</F>
        <F>278957</F>
      </Row>
      <Row index="68">
        <F>99</F>
        <F>188</F>
        <F>89</F>
        <F>255</F>
        <F>26868041</F>
        <F>302411</F>
      </Row>
      <Row index="69">
        <F>97</F>
        <F>187</F>
        <F>87</F>
        <F>255</F>
        <F>28336282</F>
        <F>332807</F>
      </Row>
      <Row index="70">
        <F>95</F>
        <F>186</F>
        <F>84</F>
        <F>255</F>
        <F>29886819</F>
        <F>369659</F>
      </Row>
      <Row index="71">
        <F>93</F>
        <F>185</F>
        <F>82</F>
        <F>255</F>
        <F>31525135</F>
        <F>414756</F>
      </Row>
      <Row index="72">
        <F>90</F>
        <F>184</F>
        <F>80</F>
        <F>255</F>
        <F>33300217</F>
        <F>471860</F>
      </Row>
      <Row index="73">
        <F>88</F>
        <F>183</F>
        <F>77</F>
        <F>255</F>
        <F>35468447</F>
        <F>546175</F>
      </Row>
      <Row index="74">
        <F>86</F>
        <F>182</F>
        <F>75</F>
        <F>255</F>
        <F>38290701</F>
        <F>642203</F>
      </Row>
      <Row index="75">
        <F>84</F>
        <F>181</F>
        <F>72</F>
        <F>255</F>
        <F>41938764</F>
        <F>766835</F>
      </Row>
      <Row index="76">
        <F>81</F>
        <F>180</F>
        <F>70</F>
        <F>255</F>
        <F>46521848</F>
        <F>914596</F>
      </Row>
      <Row index="77">
        <F>79</F>
        <F>179</F>
        <F>67</F>
        <F>255</F>
        <F>51674636</F>
        <F>1075208</F>
      </Row>
      <Row index="78">
        <F>77</F>
        <F>178</F>
        <F>65</F>
        <F>255</F>
        <F>57088960</F>
        <F>1237381</F>
      </Row>
      <Row index="79">
        <F>74</F>
        <F>177</F>
        <F>63</F>
        <F>255</F>
        <F>63054814</F>
        <F>1431223</F>
      </Row>
      <Row index="80">
        <F>72</F>
        <F>176</F>
        <F>60</F>
        <F>255</F>
        <F>69714141</F>
        <F>1729456</F>
      </Row>
      <Row index="81">
        <F>70</F>
        <F>175</F>
        <F>58</F>
        <F>255</F>
        <F>75618802</F>
        <F>2201101</F>
      </Row>
      <Row index="82">
        <F>68</F>
        <F>174</F>
        <F>55</F>
        <F>255</F>
        <F>80367242</F>
        <F>2768496</F>
      </Row>
      <Row index="83">
        <F>65</F>
        <F>173</F>
        <F>53</F>
        <F>255</F>
        <F>85467665</F>
        <F>3305117</F>
      </Row>
      <Row index="84">
        <F>63</F>
        <F>172</F>
        <F>50</F>
        <F>255</F>
        <F>90804784</F>
        <F>3756117</F>
      </Row>
      <Row index="85">
        <F>61</F>
        <F>171</F>
        <F>48</F>
        <F>255</F>
        <F>92406220</F>
        <F>3933664</F>
      </Row>
      <Row index="86">
        <F>58</F>
        <F>170</F>
        <F>46</F>
        <F>255</F>
        <F>88280549</F>
        <F>3769875</F>
      </Row>
      <Row index="87">
        <F>56</F>
        <F>169</F>
        <F>43</F>
        <F>255</F>
        <F>78992488</F>
        <F>3261362</F>
      </Row>
      <Row index="88">
        <F>54</F>
        <F>168</F>
        <F>41</F>
        <F>255</F>
        <F>67952797</F>
        <F>2495141</F>
      </Row>
      <Row index="89">
        <F>52</F>
        <F>167</F>
        <F>38</F>
        <F>255</F>
        <F>59679012</F>
        <F>1625061</F>
      </Row>
      <Row index="90">
        <F>49</F>
        <F>166</F>
        <F>36</F>
        <F>255</F>
        <F>54213735</F>
        <F>881594</F>
      </Row>
      <Row index="91">
        <F>47</F>
        <F>165</F>
        <F>33</F>
        <F>255</F>
        <F>50456954</F>
        <F>420017</F>
      </Row>
      <Row index="92">
        <F>45</F>
        <F>164</F>
        <F>31</F>
        <F>255</F>
        <F>47731772</F>
        <F>215752</F>
      </Row>
      <Row index="93">
        <F>42</F>
        <F>163</F>
        <F>29</F>
        <F>255</F>
        <F>45461462</F>
        <F>114863</F>
      </Row>
      <Row index="94">
        <F>40</F>
        <F>162</F>
        <F>26</F>
        <F>255</F>
        <F>43412160</F>
        <F>54936</F>
      </Row>
      <Row index="95">
        <F>38</F>
        <F>161</F>
        <F>24</F>
        <F>255</F>
        <F>41503869</F>
        <F>22489</F>
      </Row>
      <Row index="96">
        <F>36</F>
        <F>160</F>
        <F>21</F>
        <F>255</F>
        <F>39272164</F>
        <F>7361</F>
      </Row>
      <Row index="97">
        <F>33</F>
        <F>159</F>
        <F>19</F>
        <F>255</F>
        <F>36008472</F>
        <F>1519</F>
      </Row>
      <Row index="98">
        <F>31</F>
        <F>158</F>
        <F>16</F>
        <F>255</F>
        <F>28962122</F>
        <F>136</F>
      </Row>
      <Row index="99">
        <F>29</F>
        <F>157</F>
        <F>14</F>
        <F>255</F>
        <F>10137710</F>
        <F>2</F>
      </Row>
      <Row index="100">
        <F>27</F>
        <F>157</F>
        <F>12</F>
        <F>255</F>
        <F>38081</F>
        <F>0</F>
      </Row>
      <Row index="101">
        <F>0</F>
        <F>0</F>
        <F>0</F>
        <F>255</F>
        <F>0</F>
        <F>0</F>
      </Row>
      <Row index="102">
        <F>0</F>
        <F>0</F>
        <F>0</F>
        <F>255</F>
        <F>0</F>
        <F>0</F>
      </Row>
      <Row index="103">
        <F>0</F>
        <F>0</F>
        <F>0</F>
        <F>255</F>
        <F>0</F>
        <F>0</F>
      </Row>
      <Row index="104">
        <F>0</F>
        <F>0</F>
        <F>0</F>
        <F>255</F>
        <F>0</F>
        <F>0</F>
      </Row>
      <Row index="105">
        <F>0</F>
        <F>0</F>
        <F>0</F>
        <F>255</F>
        <F>0</F>
        <F>0</F>
      </Row>
      <Row index="106">
        <F>0</F>
        <F>0</F>
        <F>0</F>
        <F>255</F>
        <F>0</F>
        <F>0</F>
      </Row>
      <Row index="107">
        <F>0</F>
        <F>0</F>
        <F>0</F>
        <F>255</F>
        <F>0</F>
        <F>0</F>
      </Row>
      <Row index="108">
        <F>0</F>
        <F>0</F>
        <F>0</F>
        <F>255</F>
        <F>0</F>
        <F>0</F>
      </Row>
      <Row index="109">
        <F>0</F>
        <F>0</F>
        <F>0</F>
        <F>255</F>
        <F>0</F>
        <F>0</F>
      </Row>
      <Row index="110">
        <F>0</F>
        <F>0</F>
        <F>0</F>
        <F>255</F>
        <F>0</F>
        <F>0</F>
      </Row>
      <Row index="111">
        <F>0</F>
        <F>0</F>
        <F>0</F>
        <F>255</F>
        <F>0</F>
        <F>0</F>
      </Row>
      <Row index="112">
        <F>0</F>
        <F>0</F>
        <F>0</F>
        <F>255</F>
        <F>0</F>
        <F>0</F>
      </Row>
      <Row index="113">
        <F>0</F>
        <F>0</F>
        <F>0</F>
        <F>255</F>
        <F>0</F>
        <F>0</F>
      </Row>
      <Row index="114">
        <F>0</F>
        <F>0</F>
        <F>0</F>
        <F>255</F>
        <F>0</F>
        <F>0</F>
      </Row>
      <Row index="115">
        <F>0</F>
        <F>0</F>
        <F>0</F>
        <F>255</F>
        <F>0</F>
        <F>0</F>
      </Row>
      <Row index="116">
        <F>0</F>
        <F>0</F>
        <F>0</F>
        <F>255</F>
        <F>0</F>
        <F>0</F>
      </Row>
      <Row index="117">
        <F>0</F>
        <F>0</F>
        <F>0</F>
        <F>255</F>
        <F>0</F>
        <F>0</F>
      </Row>
      <Row index="118">
        <F>0</F>
        <F>0</F>
        <F>0</F>
        <F>255</F>
        <F>0</F>
        <F>0</F>
      </Row>
      <Row index="119">
        <F>0</F>
        <F>0</F>
        <F>0</F>
        <F>255</F>
        <F>0</F>
        <F>0</F>
      </Row>
      <Row index="120">
        <F>0</F>
        <F>0</F>
        <F>0</F>
        <F>255</F>
        <F>0</F>
        <F>0</F>
      </Row>
      <Row index="121">
        <F>0</F>
        <F>0</F>
        <F>0</F>
        <F>255</F>
        <F>0</F>
        <F>0</F>
      </Row>
      <Row index="122">
        <F>0</F>
        <F>0</F>
        <F>0</F>
        <F>255</F>
        <F>0</F>
        <F>0</F>
      </Row>
      <Row index="123">
        <F>0</F>
        <F>0</F>
        <F>0</F>
        <F>255</F>
        <F>0</F>
        <F>0</F>
      </Row>
      <Row index="124">
        <F>0</F>
        <F>0</F>
        <F>0</F>
        <F>255</F>
        <F>0</F>
        <F>0</F>
      </Row>
      <Row index="125">
        <F>0</F>
        <F>0</F>
        <F>0</F>
        <F>255</F>
        <F>0</F>
        <F>0</F>
      </Row>
      <Row index="126">
        <F>0</F>
        <F>0</F>
        <F>0</F>
        <F>255</F>
        <F>0</F>
        <F>0</F>
      </Row>
      <Row index="127">
        <F>0</F>
        <F>0</F>
        <F>0</F>
        <F>255</F>
        <F>0</F>
        <F>0</F>
      </Row>
      <Row index="128">
        <F>0</F>
        <F>0</F>
        <F>0</F>
        <F>255</F>
        <F>0</F>
        <F>0</F>
      </Row>
      <Row index="129">
        <F>0</F>
        <F>0</F>
        <F>0</F>
        <F>255</F>
        <F>0</F>
        <F>0</F>
      </Row>
      <Row index="130">
        <F>0</F>
        <F>0</F>
        <F>0</F>
        <F>255</F>
        <F>0</F>
        <F>0</F>
      </Row>
      <Row index="131">
        <F>0</F>
        <F>0</F>
        <F>0</F>
        <F>255</F>
        <F>0</F>
        <F>0</F>
      </Row>
      <Row index="132">
        <F>0</F>
        <F>0</F>
        <F>0</F>
        <F>255</F>
        <F>0</F>
        <F>0</F>
      </Row>
      <Row index="133">
        <F>0</F>
        <F>0</F>
        <F>0</F>
        <F>255</F>
        <F>0</F>
        <F>0</F>
      </Row>
      <Row index="134">
        <F>0</F>
        <F>0</F>
        <F>0</F>
        <F>255</F>
        <F>0</F>
        <F>0</F>
      </Row>
      <Row index="135">
        <F>0</F>
        <F>0</F>
        <F>0</F>
        <F>255</F>
        <F>0</F>
        <F>0</F>
      </Row>
      <Row index="136">
        <F>0</F>
        <F>0</F>
        <F>0</F>
        <F>255</F>
        <F>0</F>
        <F>0</F>
      </Row>
      <Row index="137">
        <F>0</F>
        <F>0</F>
        <F>0</F>
        <F>255</F>
        <F>0</F>
        <F>0</F>
      </Row>
      <Row index="138">
        <F>0</F>
        <F>0</F>
        <F>0</F>
        <F>255</F>
        <F>0</F>
        <F>0</F>
      </Row>
      <Row index="139">
        <F>0</F>
        <F>0</F>
        <F>0</F>
        <F>255</F>
        <F>0</F>
        <F>0</F>
      </Row>
      <Row index="140">
        <F>0</F>
        <F>0</F>
        <F>0</F>
        <F>255</F>
        <F>0</F>
        <F>0</F>
      </Row>
      <Row index="141">
        <F>0</F>
        <F>0</F>
        <F>0</F>
        <F>255</F>
        <F>0</F>
        <F>0</F>
      </Row>
      <Row index="142">
        <F>0</F>
        <F>0</F>
        <F>0</F>
        <F>255</F>
        <F>0</F>
        <F>0</F>
      </Row>
      <Row index="143">
        <F>0</F>
        <F>0</F>
        <F>0</F>
        <F>255</F>
        <F>0</F>
        <F>0</F>
      </Row>
      <Row index="144">
        <F>0</F>
        <F>0</F>
        <F>0</F>
        <F>255</F>
        <F>0</F>
        <F>0</F>
      </Row>
      <Row index="145">
        <F>0</F>
        <F>0</F>
        <F>0</F>
        <F>255</F>
        <F>0</F>
        <F>0</F>
      </Row>
      <Row index="146">
        <F>0</F>
        <F>0</F>
        <F>0</F>
        <F>255</F>
        <F>0</F>
        <F>0</F>
      </Row>
      <Row index="147">
        <F>0</F>
        <F>0</F>
        <F>0</F>
        <F>255</F>
        <F>0</F>
        <F>0</F>
      </Row>
      <Row index="148">
        <F>0</F>
        <F>0</F>
        <F>0</F>
        <F>255</F>
        <F>0</F>
        <F>0</F>
      </Row>
      <Row index="149">
        <F>0</F>
        <F>0</F>
        <F>0</F>
        <F>255</F>
        <F>0</F>
        <F>0</F>
      </Row>
      <Row index="150">
        <F>0</F>
        <F>0</F>
        <F>0</F>
        <F>255</F>
        <F>0</F>
        <F>0</F>
      </Row>
      <Row index="151">
        <F>0</F>
        <F>0</F>
        <F>0</F>
        <F>255</F>
        <F>0</F>
        <F>0</F>
      </Row>
      <Row index="152">
        <F>0</F>
        <F>0</F>
        <F>0</F>
        <F>255</F>
        <F>0</F>
        <F>0</F>
      </Row>
      <Row index="153">
        <F>0</F>
        <F>0</F>
        <F>0</F>
        <F>255</F>
        <F>0</F>
        <F>0</F>
      </Row>
      <Row index="154">
        <F>0</F>
        <F>0</F>
        <F>0</F>
        <F>255</F>
        <F>0</F>
        <F>0</F>
      </Row>
      <Row index="155">
        <F>0</F>
        <F>0</F>
        <F>0</F>
        <F>255</F>
        <F>0</F>
        <F>0</F>
      </Row>
      <Row index="156">
        <F>0</F>
        <F>0</F>
        <F>0</F>
        <F>255</F>
        <F>0</F>
        <F>0</F>
      </Row>
      <Row index="157">
        <F>0</F>
        <F>0</F>
        <F>0</F>
        <F>255</F>
        <F>0</F>
        <F>0</F>
      </Row>
      <Row index="158">
        <F>0</F>
        <F>0</F>
        <F>0</F>
        <F>255</F>
        <F>0</F>
        <F>0</F>
      </Row>
      <Row index="159">
        <F>0</F>
        <F>0</F>
        <F>0</F>
        <F>255</F>
        <F>0</F>
        <F>0</F>
      </Row>
      <Row index="160">
        <F>0</F>
        <F>0</F>
        <F>0</F>
        <F>255</F>
        <F>0</F>
        <F>0</F>
      </Row>
      <Row index="161">
        <F>0</F>
        <F>0</F>
        <F>0</F>
        <F>255</F>
        <F>0</F>
        <F>0</F>
      </Row>
      <Row index="162">
        <F>0</F>
        <F>0</F>
        <F>0</F>
        <F>255</F>
        <F>0</F>
        <F>0</F>
      </Row>
      <Row index="163">
        <F>0</F>
        <F>0</F>
        <F>0</F>
        <F>255</F>
        <F>0</F>
        <F>0</F>
      </Row>
      <Row index="164">
        <F>0</F>
        <F>0</F>
        <F>0</F>
        <F>255</F>
        <F>0</F>
        <F>0</F>
      </Row>
      <Row index="165">
        <F>0</F>
        <F>0</F>
        <F>0</F>
        <F>255</F>
        <F>0</F>
        <F>0</F>
      </Row>
      <Row index="166">
        <F>0</F>
        <F>0</F>
        <F>0</F>
        <F>255</F>
        <F>0</F>
        <F>0</F>
      </Row>
      <Row index="167">
        <F>0</F>
        <F>0</F>
        <F>0</F>
        <F>255</F>
        <F>0</F>
        <F>0</F>
      </Row>
      <Row index="168">
        <F>0</F>
        <F>0</F>
        <F>0</F>
        <F>255</F>
        <F>0</F>
        <F>0</F>
      </Row>
      <Row index="169">
        <F>0</F>
        <F>0</F>
        <F>0</F>
        <F>255</F>
        <F>0</F>
        <F>0</F>
      </Row>
      <Row index="170">
        <F>0</F>
        <F>0</F>
        <F>0</F>
        <F>255</F>
        <F>0</F>
        <F>0</F>
      </Row>
      <Row index="171">
        <F>0</F>
        <F>0</F>
        <F>0</F>
        <F>255</F>
        <F>0</F>
        <F>0</F>
      </Row>
      <Row index="172">
        <F>0</F>
        <F>0</F>
        <F>0</F>
        <F>255</F>
        <F>0</F>
        <F>0</F>
      </Row>
      <Row index="173">
        <F>0</F>
        <F>0</F>
        <F>0</F>
        <F>255</F>
        <F>0</F>
        <F>0</F>
      </Row>
      <Row index="174">
        <F>0</F>
        <F>0</F>
        <F>0</F>
        <F>255</F>
        <F>0</F>
        <F>0</F>
      </Row>
      <Row index="175">
        <F>0</F>
        <F>0</F>
        <F>0</F>
        <F>255</F>
        <F>0</F>
        <F>0</F>
      </Row>
      <Row index="176">
        <F>0</F>
        <F>0</F>
        <F>0</F>
        <F>255</F>
        <F>0</F>
        <F>0</F>
      </Row>
      <Row index="177">
        <F>0</F>
        <F>0</F>
        <F>0</F>
        <F>255</F>
        <F>0</F>
        <F>0</F>
      </Row>
      <Row index="178">
        <F>0</F>
        <F>0</F>
        <F>0</F>
        <F>255</F>
        <F>0</F>
        <F>0</F>
      </Row>
      <Row index="179">
        <F>0</F>
        <F>0</F>
        <F>0</F>
        <F>255</F>
        <F>0</F>
        <F>0</F>
      </Row>
      <Row index="180">
        <F>0</F>
        <F>0</F>
        <F>0</F>
        <F>255</F>
        <F>0</F>
        <F>0</F>
      </Row>
      <Row index="181">
        <F>0</F>
        <F>0</F>
        <F>0</F>
        <F>255</F>
        <F>0</F>
        <F>0</F>
      </Row>
      <Row index="182">
        <F>0</F>
        <F>0</F>
        <F>0</F>
        <F>255</F>
        <F>0</F>
        <F>0</F>
      </Row>
      <Row index="183">
        <F>0</F>
        <F>0</F>
        <F>0</F>
        <F>255</F>
        <F>0</F>
        <F>0</F>
      </Row>
      <Row index="184">
        <F>0</F>
        <F>0</F>
        <F>0</F>
        <F>255</F>
        <F>0</F>
        <F>0</F>
      </Row>
      <Row index="185">
        <F>0</F>
        <F>0</F>
        <F>0</F>
        <F>255</F>
        <F>0</F>
        <F>0</F>
      </Row>
      <Row index="186">
        <F>0</F>
        <F>0</F>
        <F>0</F>
        <F>255</F>
        <F>0</F>
        <F>0</F>
      </Row>
      <Row index="187">
        <F>0</F>
        <F>0</F>
        <F>0</F>
        <F>255</F>
        <F>0</F>
        <F>0</F>
      </Row>
      <Row index="188">
        <F>0</F>
        <F>0</F>
        <F>0</F>
        <F>255</F>
        <F>0</F>
        <F>0</F>
      </Row>
      <Row index="189">
        <F>0</F>
        <F>0</F>
        <F>0</F>
        <F>255</F>
        <F>0</F>
        <F>0</F>
      </Row>
      <Row index="190">
        <F>0</F>
        <F>0</F>
        <F>0</F>
        <F>255</F>
        <F>0</F>
        <F>0</F>
      </Row>
      <Row index="191">
        <F>0</F>
        <F>0</F>
        <F>0</F>
        <F>255</F>
        <F>0</F>
        <F>0</F>
      </Row>
      <Row index="192">
        <F>0</F>
        <F>0</F>
        <F>0</F>
        <F>255</F>
        <F>0</F>
        <F>0</F>
      </Row>
      <Row index="193">
        <F>0</F>
        <F>0</F>
        <F>0</F>
        <F>255</F>
        <F>0</F>
        <F>0</F>
      </Row>
      <Row index="194">
        <F>0</F>
        <F>0</F>
        <F>0</F>
        <F>255</F>
        <F>0</F>
        <F>0</F>
      </Row>
      <Row index="195">
        <F>0</F>
        <F>0</F>
        <F>0</F>
        <F>255</F>
        <F>0</F>
        <F>0</F>
      </Row>
      <Row index="196">
        <F>0</F>
        <F>0</F>
        <F>0</F>
        <F>255</F>
        <F>0</F>
        <F>0</F>
      </Row>
      <Row index="197">
        <F>0</F>
        <F>0</F>
        <F>0</F>
        <F>255</F>
        <F>0</F>
        <F>0</F>
      </Row>
      <Row index="198">
        <F>0</F>
        <F>0</F>
        <F>0</F>
        <F>255</F>
        <F>0</F>
        <F>0</F>
      </Row>
      <Row index="199">
        <F>0</F>
        <F>0</F>
        <F>0</F>
        <F>255</F>
        <F>0</F>
        <F>0</F>
      </Row>
      <Row index="200">
        <F>0</F>
        <F>0</F>
        <F>0</F>
        <F>255</F>
        <F>0</F>
        <F>0</F>
      </Row>
      <Row index="201">
        <F>0</F>
        <F>0</F>
        <F>0</F>
        <F>255</F>
        <F>0</F>
        <F>0</F>
      </Row>
      <Row index="202">
        <F>0</F>
        <F>0</F>
        <F>0</F>
        <F>255</F>
        <F>0</F>
        <F>0</F>
      </Row>
      <Row index="203">
        <F>0</F>
        <F>0</F>
        <F>0</F>
        <F>255</F>
        <F>0</F>
        <F>0</F>
      </Row>
      <Row index="204">
        <F>0</F>
        <F>0</F>
        <F>0</F>
        <F>255</F>
        <F>0</F>
        <F>0</F>
      </Row>
      <Row index="205">
        <F>0</F>
        <F>0</F>
        <F>0</F>
        <F>255</F>
        <F>0</F>
        <F>0</F>
      </Row>
      <Row index="206">
        <F>0</F>
        <F>0</F>
        <F>0</F>
        <F>255</F>
        <F>0</F>
        <F>0</F>
      </Row>
      <Row index="207">
        <F>0</F>
        <F>0</F>
        <F>0</F>
        <F>255</F>
        <F>0</F>
        <F>0</F>
      </Row>
      <Row index="208">
        <F>0</F>
        <F>0</F>
        <F>0</F>
        <F>255</F>
        <F>0</F>
        <F>0</F>
      </Row>
      <Row index="209">
        <F>0</F>
        <F>0</F>
        <F>0</F>
        <F>255</F>
        <F>0</F>
        <F>0</F>
      </Row>
      <Row index="210">
        <F>0</F>
        <F>0</F>
        <F>0</F>
        <F>255</F>
        <F>0</F>
        <F>0</F>
      </Row>
      <Row index="211">
        <F>0</F>
        <F>0</F>
        <F>0</F>
        <F>255</F>
        <F>0</F>
        <F>0</F>
      </Row>
      <Row index="212">
        <F>0</F>
        <F>0</F>
        <F>0</F>
        <F>255</F>
        <F>0</F>
        <F>0</F>
      </Row>
      <Row index="213">
        <F>0</F>
        <F>0</F>
        <F>0</F>
        <F>255</F>
        <F>0</F>
        <F>0</F>
      </Row>
      <Row index="214">
        <F>0</F>
        <F>0</F>
        <F>0</F>
        <F>255</F>
        <F>0</F>
        <F>0</F>
      </Row>
      <Row index="215">
        <F>0</F>
        <F>0</F>
        <F>0</F>
        <F>255</F>
        <F>0</F>
        <F>0</F>
      </Row>
      <Row index="216">
        <F>0</F>
        <F>0</F>
        <F>0</F>
        <F>255</F>
        <F>0</F>
        <F>0</F>
      </Row>
      <Row index="217">
        <F>0</F>
        <F>0</F>
        <F>0</F>
        <F>255</F>
        <F>0</F>
        <F>0</F>
      </Row>
      <Row index="218">
        <F>0</F>
        <F>0</F>
        <F>0</F>
        <F>255</F>
        <F>0</F>
        <F>0</F>
      </Row>
      <Row index="219">
        <F>0</F>
        <F>0</F>
        <F>0</F>
        <F>255</F>
        <F>0</F>
        <F>0</F>
      </Row>
      <Row index="220">
        <F>0</F>
        <F>0</F>
        <F>0</F>
        <F>255</F>
        <F>0</F>
        <F>0</F>
      </Row>
      <Row index="221">
        <F>0</F>
        <F>0</F>
        <F>0</F>
        <F>255</F>
        <F>0</F>
        <F>0</F>
      </Row>
      <Row index="222">
        <F>0</F>
        <F>0</F>
        <F>0</F>
        <F>255</F>
        <F>0</F>
        <F>0</F>
      </Row>
      <Row index="223">
        <F>0</F>
        <F>0</F>
        <F>0</F>
        <F>255</F>
        <F>0</F>
        <F>0</F>
      </Row>
      <Row index="224">
        <F>0</F>
        <F>0</F>
        <F>0</F>
        <F>255</F>
        <F>0</F>
        <F>0</F>
      </Row>
      <Row index="225">
        <F>0</F>
        <F>0</F>
        <F>0</F>
        <F>255</F>
        <F>0</F>
        <F>0</F>
      </Row>
      <Row index="226">
        <F>0</F>
        <F>0</F>
        <F>0</F>
        <F>255</F>
        <F>0</F>
        <F>0</F>
      </Row>
      <Row index="227">
        <F>0</F>
        <F>0</F>
        <F>0</F>
        <F>255</F>
        <F>0</F>
        <F>0</F>
      </Row>
      <Row index="228">
        <F>0</F>
        <F>0</F>
        <F>0</F>
        <F>255</F>
        <F>0</F>
        <F>0</F>
      </Row>
      <Row index="229">
        <F>0</F>
        <F>0</F>
        <F>0</F>
        <F>255</F>
        <F>0</F>
        <F>0</F>
      </Row>
      <Row index="230">
        <F>0</F>
        <F>0</F>
        <F>0</F>
        <F>255</F>
        <F>0</F>
        <F>0</F>
      </Row>
      <Row index="231">
        <F>0</F>
        <F>0</F>
        <F>0</F>
        <F>255</F>
        <F>0</F>
        <F>0</F>
      </Row>
      <Row index="232">
        <F>0</F>
        <F>0</F>
        <F>0</F>
        <F>255</F>
        <F>0</F>
        <F>0</F>
      </Row>
      <Row index="233">
        <F>0</F>
        <F>0</F>
        <F>0</F>
        <F>255</F>
        <F>0</F>
        <F>0</F>
      </Row>
      <Row index="234">
        <F>0</F>
        <F>0</F>
        <F>0</F>
        <F>255</F>
        <F>0</F>
        <F>0</F>
      </Row>
      <Row index="235">
        <F>0</F>
        <F>0</F>
        <F>0</F>
        <F>255</F>
        <F>0</F>
        <F>0</F>
      </Row>
      <Row index="236">
        <F>0</F>
        <F>0</F>
        <F>0</F>
        <F>255</F>
        <F>0</F>
        <F>0</F>
      </Row>
      <Row index="237">
        <F>0</F>
        <F>0</F>
        <F>0</F>
        <F>255</F>
        <F>0</F>
        <F>0</F>
      </Row>
      <Row index="238">
        <F>0</F>
        <F>0</F>
        <F>0</F>
        <F>255</F>
        <F>0</F>
        <F>0</F>
      </Row>
      <Row index="239">
        <F>0</F>
        <F>0</F>
        <F>0</F>
        <F>255</F>
        <F>0</F>
        <F>0</F>
      </Row>
      <Row index="240">
        <F>0</F>
        <F>0</F>
        <F>0</F>
        <F>255</F>
        <F>0</F>
        <F>0</F>
      </Row>
      <Row index="241">
        <F>0</F>
        <F>0</F>
        <F>0</F>
        <F>255</F>
        <F>0</F>
        <F>0</F>
      </Row>
      <Row index="242">
        <F>0</F>
        <F>0</F>
        <F>0</F>
        <F>255</F>
        <F>0</F>
        <F>0</F>
      </Row>
      <Row index="243">
        <F>0</F>
        <F>0</F>
        <F>0</F>
        <F>255</F>
        <F>0</F>
        <F>0</F>
      </Row>
      <Row index="244">
        <F>0</F>
        <F>0</F>
        <F>0</F>
        <F>255</F>
        <F>0</F>
        <F>0</F>
      </Row>
      <Row index="245">
        <F>0</F>
        <F>0</F>
        <F>0</F>
        <F>255</F>
        <F>0</F>
        <F>0</F>
      </Row>
      <Row index="246">
        <F>0</F>
        <F>0</F>
        <F>0</F>
        <F>255</F>
        <F>0</F>
        <F>0</F>
      </Row>
      <Row index="247">
        <F>0</F>
        <F>0</F>
        <F>0</F>
        <F>255</F>
        <F>0</F>
        <F>0</F>
      </Row>
      <Row index="248">
        <F>0</F>
        <F>0</F>
        <F>0</F>
        <F>255</F>
        <F>0</F>
        <F>0</F>
      </Row>
      <Row index="249">
        <F>0</F>
        <F>0</F>
        <F>0</F>
        <F>255</F>
        <F>0</F>
        <F>0</F>
      </Row>
      <Row index="250">
        <F>0</F>
        <F>0</F>
        <F>0</F>
        <F>255</F>
        <F>0</F>
        <F>0</F>
      </Row>
      <Row index="251">
        <F>0</F>
        <F>0</F>
        <F>0</F>
        <F>255</F>
        <F>0</F>
        <F>0</F>
      </Row>
      <Row index="252">
        <F>0</F>
        <F>0</F>
        <F>0</F>
        <F>255</F>
        <F>0</F>
        <F>0</F>
      </Row>
      <Row index="253">
        <F>0</F>
        <F>0</F>
        <F>0</F>
        <F>255</F>
        <F>0</F>
        <F>0</F>
      </Row>
      <Row index="254">
        <F>0</F>
        <F>0</F>
        <F>0</F>
        <F>255</F>
        <F>283000</F>
        <F>9420</F>
      </Row>
      <Row index="255">
        <F>0</F>
        <F>0</F>
        <F>0</F>
        <F>255</F>
        <F>0</F>
        <F>5334034</F>
      </Row>
    </GDALRasterAttributeTable>
  </PAMRasterBand>
</PAMDataset>
